classification,daily_pnl_mean,daily_pnl_median,win_rate_mean,win_rate_median,num_trades_mean,num_trades_median,avg_size_mean,avg_size_median
Extreme Fear,4619.4390530625005,218.377399,0.32965914590002776,0.3077384089940862,133.75,50.5,6773.464125428701,2315.629869816779
Extreme Greed,5161.9226438650185,418.3198625,0.3863873398662182,0.35714285714285715,76.03041825095058,31.5,5371.637181741856,2003.4801762652705
Fear,5328.818161336508,107.89253199999999,0.36403251387116353,0.31530214424951264,98.15396825396826,26.0,8975.928545864448,1752.6774972692215
Greed,3318.100729862654,158.214922,0.3435587568848799,0.28918231208307543,77.62808641975309,25.0,6427.866594360551,2052.5348284404804
Neutral,3438.6188179521278,167.551743,0.35541409810875263,0.3210909090909091,100.22872340425532,29.5,6963.694860853634,1704.4054166666665
